chain,correct,total,class,accuracy
TRAV,749,750,TRA,0.9986666666666667
TRDV,54,54,TRD,1.0
TRDJ,66,66,TRD,1.0
TRAJ,1030,1032,TRA,0.998062015503876
TRGJ,82,82,TRG,1.0
TRGV,172,172,TRG,1.0
TRBV,946,948,TRB,0.9978902953586498
TRBJ,252,252,TRB,1.0
IGHV,654,682,IGH,0.9589442815249267
IGKV,259,270,IGK,0.9592592592592593
IGKJ,26,26,IGK,1.0
IGLV,714,714,IGL,1.0
IGLJ,120,120,IGL,1.0
