,KIR2DL1,KIR2DL2,KIR2DL3,KIR2DL4,KIR2DL5A,KIR2DL5B,KIR2DP1,KIR2DS1,KIR2DS2,KIR2DS3,KIR2DS4,KIR2DS5,KIR3DL1,KIR3DL2,KIR3DL3,KIR3DP1,KIR3DS1
5,0.89,0.91,0.97,0.93,0.9,0.8979591836734694,0.97,0.8571428571428571,0.93,0.8673469387755102,0.98,0.86,0.89,0.92,0.98,0.79,0.75
10,0.92,0.9,0.99,0.96,0.97,0.96,0.96,0.95,0.96,0.96,0.99,0.94,0.95,0.98,0.98,0.98,0.91
15,0.96,0.99,0.96,0.98,1.0,0.99,0.99,1.0,0.98,0.99,0.98,0.98,1.0,1.0,1.0,0.99,0.89
20,0.98,0.98,0.98,1.0,0.98,0.98,1.0,1.0,0.99,1.0,1.0,0.98,0.98,1.0,1.0,1.0,0.95
25,0.99,0.99,0.96,1.0,1.0,0.97,1.0,0.99,0.98,0.98,1.0,0.98,0.99,1.0,1.0,0.98,0.94
30,0.98,1.0,0.97,1.0,1.0,0.98,1.0,1.0,0.96,0.99,1.0,1.0,1.0,1.0,1.0,0.99,0.94
