Gene,t,p_value,mean_hete1,mean_hete2,count1,count2,total,fold_change,p.adj
TRBV29-1,6.196149506340755,9.301794787609432e-10,0.3492063492063492,0.1184407796101949,126,667,793,2.948362467349809,3.637001761955288e-07
IGLV1-44,-4.326458397811781,1.72814476314096e-05,0.06349206349206349,0.30833333333333335,126,600,726,0.2059202059202059,0.006757046023881153
