Gene,t,p_value,mean_hete1,mean_hete2,count1,count2,total,fold_change,p.adj
TRBV14,-7.870048192544225,1.1442393444166078e-14,0.08666666666666667,0.5228658536585366,150,656,806,0.16575315840621965,4.462533443224771e-12
TRBV16,-5.582952309261624,3.250941139166096e-08,0.24113475177304963,0.6303680981595092,141,652,793,0.38253006850615173,1.2678670442747775e-05
TRGV10,-4.8527551964629865,1.4600057789684096e-06,0.16551724137931034,0.6023916292974589,145,669,814,0.27476683494481047,0.0005694022537976797
IGHV3-35,4.771008763561111,2.286372609258286e-06,0.7931034482758621,0.46062992125984253,116,508,624,1.721780135573239,0.0008916853176107316
IGKV1D-33,-4.336501723172749,1.6535831390559926e-05,0.5594405594405595,0.9741824440619621,143,581,724,0.5742667226766167,0.006448974242318371
TRAV13-2,-4.291724380783265,1.9832804202737832e-05,0.673469387755102,1.1779411764705883,147,680,827,0.5717343117022089,0.007734793639067755
IGLJ6,4.268779637033565,2.2068276904183457e-05,0.11029411764705882,0.027777777777777776,136,648,784,3.9705882352941178,0.008606627992631549
